message,attributes,tags,timestamp
Starting Container,"{""level"":""info""}","{""project"":""7171eee1-2c6e-446a-b7a9-880d3786c51a"",""environment"":""8f157a2b-2cad-4084-8cd4-dc384f810fa5"",""service"":""4e96e4c9-648b-43c2-ad1f-68614ff2a013"",""deployment"":""9eeaf744-7b37-48c5-81f0-5558b6028407"",""replica"":""f9f443f1-eb67-4b1e-9cc3-af5e65fd80c1""}",2026-01-30T11:09:36.000000000Z
"INFO 2026-01-30 08:09:36,597 base Adding job tentatively -- it will be properly scheduled when the scheduler starts","{""level"":""error""}","{""project"":""7171eee1-2c6e-446a-b7a9-880d3786c51a"",""environment"":""8f157a2b-2cad-4084-8cd4-dc384f810fa5"",""service"":""4e96e4c9-648b-43c2-ad1f-68614ff2a013"",""deployment"":""9eeaf744-7b37-48c5-81f0-5558b6028407"",""replica"":""f9f443f1-eb67-4b1e-9cc3-af5e65fd80c1""}",2026-01-30T11:09:37.387435310Z
"INFO 2026-01-30 08:09:36,597 base Added job ""Busca automática de faturas Nio (00:05)"" to job store ""default""","{""level"":""error""}","{""project"":""7171eee1-2c6e-446a-b7a9-880d3786c51a"",""environment"":""8f157a2b-2cad-4084-8cd4-dc384f810fa5"",""service"":""4e96e4c9-648b-43c2-ad1f-68614ff2a013"",""deployment"":""9eeaf744-7b37-48c5-81f0-5558b6028407"",""replica"":""f9f443f1-eb67-4b1e-9cc3-af5e65fd80c1""}",2026-01-30T11:09:37.387449010Z
"INFO 2026-01-30 08:09:36,597 base Added job ""Processar envios programados de Performance (a cada minuto)"" to job store ""default""","{""level"":""error""}","{""project"":""7171eee1-2c6e-446a-b7a9-880d3786c51a"",""environment"":""8f157a2b-2cad-4084-8cd4-dc384f810fa5"",""service"":""4e96e4c9-648b-43c2-ad1f-68614ff2a013"",""deployment"":""9eeaf744-7b37-48c5-81f0-5558b6028407"",""replica"":""f9f443f1-eb67-4b1e-9cc3-af5e65fd80c1""}",2026-01-30T11:09:37.387454740Z
"INFO 2026-01-30 08:09:36,597 base Scheduler started","{""level"":""error""}","{""project"":""7171eee1-2c6e-446a-b7a9-880d3786c51a"",""environment"":""8f157a2b-2cad-4084-8cd4-dc384f810fa5"",""service"":""4e96e4c9-648b-43c2-ad1f-68614ff2a013"",""deployment"":""9eeaf744-7b37-48c5-81f0-5558b6028407"",""replica"":""f9f443f1-eb67-4b1e-9cc3-af5e65fd80c1""}",2026-01-30T11:09:37.387460010Z
"INFO 2026-01-30 08:09:36,598 scheduler [OK] Agendador iniciado com sucesso!","{""level"":""error""}","{""project"":""7171eee1-2c6e-446a-b7a9-880d3786c51a"",""environment"":""8f157a2b-2cad-4084-8cd4-dc384f810fa5"",""service"":""4e96e4c9-648b-43c2-ad1f-68614ff2a013"",""deployment"":""9eeaf744-7b37-48c5-81f0-5558b6028407"",""replica"":""f9f443f1-eb67-4b1e-9cc3-af5e65fd80c1""}",2026-01-30T11:09:37.387465050Z
"INFO 2026-01-30 08:09:36,598 scheduler [INFO] 2 tarefa(s) agendada(s):","{""level"":""error""}","{""project"":""7171eee1-2c6e-446a-b7a9-880d3786c51a"",""environment"":""8f157a2b-2cad-4084-8cd4-dc384f810fa5"",""service"":""4e96e4c9-648b-43c2-ad1f-68614ff2a013"",""deployment"":""9eeaf744-7b37-48c5-81f0-5558b6028407"",""replica"":""f9f443f1-eb67-4b1e-9cc3-af5e65fd80c1""}",2026-01-30T11:09:37.387470790Z
"INFO 2026-01-30 08:09:36,598 scheduler   - Processar envios programados de Performance (a cada minuto): interval[0:01:00]","{""level"":""error""}","{""project"":""7171eee1-2c6e-446a-b7a9-880d3786c51a"",""environment"":""8f157a2b-2cad-4084-8cd4-dc384f810fa5"",""service"":""4e96e4c9-648b-43c2-ad1f-68614ff2a013"",""deployment"":""9eeaf744-7b37-48c5-81f0-5558b6028407"",""replica"":""f9f443f1-eb67-4b1e-9cc3-af5e65fd80c1""}",2026-01-30T11:09:37.387476450Z
"INFO 2026-01-30 08:09:36,598 scheduler   - Busca automática de faturas Nio (00:05): cron[month='*', day='*', day_of_week='*', hour='0', minute='5']","{""level"":""error""}","{""project"":""7171eee1-2c6e-446a-b7a9-880d3786c51a"",""environment"":""8f157a2b-2cad-4084-8cd4-dc384f810fa5"",""service"":""4e96e4c9-648b-43c2-ad1f-68614ff2a013"",""deployment"":""9eeaf744-7b37-48c5-81f0-5558b6028407"",""replica"":""f9f443f1-eb67-4b1e-9cc3-af5e65fd80c1""}",2026-01-30T11:09:37.387482060Z
[2026-01-30 11:09:36 +0000] [1] [INFO] Starting gunicorn 23.0.0,"{""level"":""error""}","{""project"":""7171eee1-2c6e-446a-b7a9-880d3786c51a"",""environment"":""8f157a2b-2cad-4084-8cd4-dc384f810fa5"",""service"":""4e96e4c9-648b-43c2-ad1f-68614ff2a013"",""deployment"":""9eeaf744-7b37-48c5-81f0-5558b6028407"",""replica"":""f9f443f1-eb67-4b1e-9cc3-af5e65fd80c1""}",2026-01-30T11:09:37.387487090Z
"INFO 2026-01-30 08:09:36,598 scheduler [SCHEDULER] Scheduler inicializado. Status: running=True","{""level"":""error""}","{""project"":""7171eee1-2c6e-446a-b7a9-880d3786c51a"",""environment"":""8f157a2b-2cad-4084-8cd4-dc384f810fa5"",""service"":""4e96e4c9-648b-43c2-ad1f-68614ff2a013"",""deployment"":""9eeaf744-7b37-48c5-81f0-5558b6028407"",""replica"":""f9f443f1-eb67-4b1e-9cc3-af5e65fd80c1""}",2026-01-30T11:09:37.387491360Z
[2026-01-30 11:09:36 +0000] [1] [INFO] Listening at: http://0.0.0.0:8080 (1),"{""level"":""error""}","{""project"":""7171eee1-2c6e-446a-b7a9-880d3786c51a"",""environment"":""8f157a2b-2cad-4084-8cd4-dc384f810fa5"",""service"":""4e96e4c9-648b-43c2-ad1f-68614ff2a013"",""deployment"":""9eeaf744-7b37-48c5-81f0-5558b6028407"",""replica"":""f9f443f1-eb67-4b1e-9cc3-af5e65fd80c1""}",2026-01-30T11:09:37.387501040Z
[2026-01-30 11:09:36 +0000] [1] [INFO] Using worker: sync,"{""level"":""error""}","{""project"":""7171eee1-2c6e-446a-b7a9-880d3786c51a"",""environment"":""8f157a2b-2cad-4084-8cd4-dc384f810fa5"",""service"":""4e96e4c9-648b-43c2-ad1f-68614ff2a013"",""deployment"":""9eeaf744-7b37-48c5-81f0-5558b6028407"",""replica"":""f9f443f1-eb67-4b1e-9cc3-af5e65fd80c1""}",2026-01-30T11:09:37.387505740Z
[2026-01-30 11:09:36 +0000] [2] [INFO] Booting worker with pid: 2,"{""level"":""error""}","{""project"":""7171eee1-2c6e-446a-b7a9-880d3786c51a"",""environment"":""8f157a2b-2cad-4084-8cd4-dc384f810fa5"",""service"":""4e96e4c9-648b-43c2-ad1f-68614ff2a013"",""deployment"":""9eeaf744-7b37-48c5-81f0-5558b6028407"",""replica"":""f9f443f1-eb67-4b1e-9cc3-af5e65fd80c1""}",2026-01-30T11:09:37.387510200Z
"INFO 2026-01-30 08:09:36,597 scheduler [SCHEDULER] Inicializando scheduler...","{""level"":""error""}","{""project"":""7171eee1-2c6e-446a-b7a9-880d3786c51a"",""environment"":""8f157a2b-2cad-4084-8cd4-dc384f810fa5"",""service"":""4e96e4c9-648b-43c2-ad1f-68614ff2a013"",""deployment"":""9eeaf744-7b37-48c5-81f0-5558b6028407"",""replica"":""f9f443f1-eb67-4b1e-9cc3-af5e65fd80c1""}",2026-01-30T11:09:37.387513290Z
"INFO 2026-01-30 08:09:36,597 scheduler [OK] Iniciando agendador de tarefas...","{""level"":""error""}","{""project"":""7171eee1-2c6e-446a-b7a9-880d3786c51a"",""environment"":""8f157a2b-2cad-4084-8cd4-dc384f810fa5"",""service"":""4e96e4c9-648b-43c2-ad1f-68614ff2a013"",""deployment"":""9eeaf744-7b37-48c5-81f0-5558b6028407"",""replica"":""f9f443f1-eb67-4b1e-9cc3-af5e65fd80c1""}",2026-01-30T11:09:37.387516659Z
"INFO 2026-01-30 08:09:36,597 base Adding job tentatively -- it will be properly scheduled when the scheduler starts","{""level"":""error""}","{""project"":""7171eee1-2c6e-446a-b7a9-880d3786c51a"",""environment"":""8f157a2b-2cad-4084-8cd4-dc384f810fa5"",""service"":""4e96e4c9-648b-43c2-ad1f-68614ff2a013"",""deployment"":""9eeaf744-7b37-48c5-81f0-5558b6028407"",""replica"":""f9f443f1-eb67-4b1e-9cc3-af5e65fd80c1""}",2026-01-30T11:09:37.387520339Z
"  File ""/app/crm_app/whatsapp_webhook_handler.py"", line 1258","{""level"":""error""}","{""project"":""7171eee1-2c6e-446a-b7a9-880d3786c51a"",""environment"":""8f157a2b-2cad-4084-8cd4-dc384f810fa5"",""service"":""4e96e4c9-648b-43c2-ad1f-68614ff2a013"",""deployment"":""9eeaf744-7b37-48c5-81f0-5558b6028407"",""replica"":""f9f443f1-eb67-4b1e-9cc3-af5e65fd80c1""}",2026-01-30T11:09:46.375113638Z
               ^^^^^^^^^^^^^^^^^^^^^,"{""level"":""error""}","{""project"":""7171eee1-2c6e-446a-b7a9-880d3786c51a"",""environment"":""8f157a2b-2cad-4084-8cd4-dc384f810fa5"",""service"":""4e96e4c9-648b-43c2-ad1f-68614ff2a013"",""deployment"":""9eeaf744-7b37-48c5-81f0-5558b6028407"",""replica"":""f9f443f1-eb67-4b1e-9cc3-af5e65fd80c1""}",2026-01-30T11:09:46.375115118Z
    self.raise_uncaught_exception(exc),"{""level"":""error""}","{""project"":""7171eee1-2c6e-446a-b7a9-880d3786c51a"",""environment"":""8f157a2b-2cad-4084-8cd4-dc384f810fa5"",""service"":""4e96e4c9-648b-43c2-ad1f-68614ff2a013"",""deployment"":""9eeaf744-7b37-48c5-81f0-5558b6028407"",""replica"":""f9f443f1-eb67-4b1e-9cc3-af5e65fd80c1""}",2026-01-30T11:09:46.375116528Z
    elif etapa_atual == 'material_buscar':,"{""level"":""error""}","{""project"":""7171eee1-2c6e-446a-b7a9-880d3786c51a"",""environment"":""8f157a2b-2cad-4084-8cd4-dc384f810fa5"",""service"":""4e96e4c9-648b-43c2-ad1f-68614ff2a013"",""deployment"":""9eeaf744-7b37-48c5-81f0-5558b6028407"",""replica"":""f9f443f1-eb67-4b1e-9cc3-af5e65fd80c1""}",2026-01-30T11:09:46.375121308Z
"  File ""/usr/local/lib/python3.11/site-packages/django/core/handlers/base.py"", line 197, in _get_response","{""level"":""error""}","{""project"":""7171eee1-2c6e-446a-b7a9-880d3786c51a"",""environment"":""8f157a2b-2cad-4084-8cd4-dc384f810fa5"",""service"":""4e96e4c9-648b-43c2-ad1f-68614ff2a013"",""deployment"":""9eeaf744-7b37-48c5-81f0-5558b6028407"",""replica"":""f9f443f1-eb67-4b1e-9cc3-af5e65fd80c1""}",2026-01-30T11:09:46.375122258Z
"    response = handler(request, *args, **kwargs)","{""level"":""error""}","{""project"":""7171eee1-2c6e-446a-b7a9-880d3786c51a"",""environment"":""8f157a2b-2cad-4084-8cd4-dc384f810fa5"",""service"":""4e96e4c9-648b-43c2-ad1f-68614ff2a013"",""deployment"":""9eeaf744-7b37-48c5-81f0-5558b6028407"",""replica"":""f9f443f1-eb67-4b1e-9cc3-af5e65fd80c1""}",2026-01-30T11:09:46.375123618Z
"  File ""/usr/local/lib/python3.11/site-packages/rest_framework/views.py"", line 486, in raise_uncaught_exception","{""level"":""error""}","{""project"":""7171eee1-2c6e-446a-b7a9-880d3786c51a"",""environment"":""8f157a2b-2cad-4084-8cd4-dc384f810fa5"",""service"":""4e96e4c9-648b-43c2-ad1f-68614ff2a013"",""deployment"":""9eeaf744-7b37-48c5-81f0-5558b6028407"",""replica"":""f9f443f1-eb67-4b1e-9cc3-af5e65fd80c1""}",2026-01-30T11:09:46.375124368Z
"    response = wrapped_callback(request, *callback_args, **callback_kwargs)","{""level"":""error""}","{""project"":""7171eee1-2c6e-446a-b7a9-880d3786c51a"",""environment"":""8f157a2b-2cad-4084-8cd4-dc384f810fa5"",""service"":""4e96e4c9-648b-43c2-ad1f-68614ff2a013"",""deployment"":""9eeaf744-7b37-48c5-81f0-5558b6028407"",""replica"":""f9f443f1-eb67-4b1e-9cc3-af5e65fd80c1""}",2026-01-30T11:09:46.375126518Z
    ^^^^,"{""level"":""error""}","{""project"":""7171eee1-2c6e-446a-b7a9-880d3786c51a"",""environment"":""8f157a2b-2cad-4084-8cd4-dc384f810fa5"",""service"":""4e96e4c9-648b-43c2-ad1f-68614ff2a013"",""deployment"":""9eeaf744-7b37-48c5-81f0-5558b6028407"",""replica"":""f9f443f1-eb67-4b1e-9cc3-af5e65fd80c1""}",2026-01-30T11:09:46.375126638Z
               ^^^^^^^^^^^^^^^^^^^^^^^^^^^^^^^^^^^^^^^^^^^^^^^^^^^^^^^^^^^^,"{""level"":""error""}","{""project"":""7171eee1-2c6e-446a-b7a9-880d3786c51a"",""environment"":""8f157a2b-2cad-4084-8cd4-dc384f810fa5"",""service"":""4e96e4c9-648b-43c2-ad1f-68614ff2a013"",""deployment"":""9eeaf744-7b37-48c5-81f0-5558b6028407"",""replica"":""f9f443f1-eb67-4b1e-9cc3-af5e65fd80c1""}",2026-01-30T11:09:46.375129348Z
               ^^^^^^^^^^^^^^^^^^^^^^^^^^^^^^^^^,"{""level"":""error""}","{""project"":""7171eee1-2c6e-446a-b7a9-880d3786c51a"",""environment"":""8f157a2b-2cad-4084-8cd4-dc384f810fa5"",""service"":""4e96e4c9-648b-43c2-ad1f-68614ff2a013"",""deployment"":""9eeaf744-7b37-48c5-81f0-5558b6028407"",""replica"":""f9f443f1-eb67-4b1e-9cc3-af5e65fd80c1""}",2026-01-30T11:09:46.375132058Z
SyntaxError: invalid syntax,"{""level"":""error""}","{""project"":""7171eee1-2c6e-446a-b7a9-880d3786c51a"",""environment"":""8f157a2b-2cad-4084-8cd4-dc384f810fa5"",""service"":""4e96e4c9-648b-43c2-ad1f-68614ff2a013"",""deployment"":""9eeaf744-7b37-48c5-81f0-5558b6028407"",""replica"":""f9f443f1-eb67-4b1e-9cc3-af5e65fd80c1""}",2026-01-30T11:09:46.375132508Z
"  File ""/usr/local/lib/python3.11/site-packages/django/views/decorators/csrf.py"", line 65, in _view_wrapper","{""level"":""error""}","{""project"":""7171eee1-2c6e-446a-b7a9-880d3786c51a"",""environment"":""8f157a2b-2cad-4084-8cd4-dc384f810fa5"",""service"":""4e96e4c9-648b-43c2-ad1f-68614ff2a013"",""deployment"":""9eeaf744-7b37-48c5-81f0-5558b6028407"",""replica"":""f9f443f1-eb67-4b1e-9cc3-af5e65fd80c1""}",2026-01-30T11:09:46.375132638Z
"  File ""/usr/local/lib/python3.11/site-packages/django/views/generic/base.py"", line 104, in view","{""level"":""error""}","{""project"":""7171eee1-2c6e-446a-b7a9-880d3786c51a"",""environment"":""8f157a2b-2cad-4084-8cd4-dc384f810fa5"",""service"":""4e96e4c9-648b-43c2-ad1f-68614ff2a013"",""deployment"":""9eeaf744-7b37-48c5-81f0-5558b6028407"",""replica"":""f9f443f1-eb67-4b1e-9cc3-af5e65fd80c1""}",2026-01-30T11:09:46.375136338Z
"  File ""/app/crm_app/views.py"", line 153, in post","{""level"":""error""}","{""project"":""7171eee1-2c6e-446a-b7a9-880d3786c51a"",""environment"":""8f157a2b-2cad-4084-8cd4-dc384f810fa5"",""service"":""4e96e4c9-648b-43c2-ad1f-68614ff2a013"",""deployment"":""9eeaf744-7b37-48c5-81f0-5558b6028407"",""replica"":""f9f443f1-eb67-4b1e-9cc3-af5e65fd80c1""}",2026-01-30T11:09:46.375137358Z
"    return self.dispatch(request, *args, **kwargs)","{""level"":""error""}","{""project"":""7171eee1-2c6e-446a-b7a9-880d3786c51a"",""environment"":""8f157a2b-2cad-4084-8cd4-dc384f810fa5"",""service"":""4e96e4c9-648b-43c2-ad1f-68614ff2a013"",""deployment"":""9eeaf744-7b37-48c5-81f0-5558b6028407"",""replica"":""f9f443f1-eb67-4b1e-9cc3-af5e65fd80c1""}",2026-01-30T11:09:46.375140798Z
"    return view_func(request, *args, **kwargs)","{""level"":""error""}","{""project"":""7171eee1-2c6e-446a-b7a9-880d3786c51a"",""environment"":""8f157a2b-2cad-4084-8cd4-dc384f810fa5"",""service"":""4e96e4c9-648b-43c2-ad1f-68614ff2a013"",""deployment"":""9eeaf744-7b37-48c5-81f0-5558b6028407"",""replica"":""f9f443f1-eb67-4b1e-9cc3-af5e65fd80c1""}",2026-01-30T11:09:46.375141848Z
    response = self.handle_exception(exc),"{""level"":""error""}","{""project"":""7171eee1-2c6e-446a-b7a9-880d3786c51a"",""environment"":""8f157a2b-2cad-4084-8cd4-dc384f810fa5"",""service"":""4e96e4c9-648b-43c2-ad1f-68614ff2a013"",""deployment"":""9eeaf744-7b37-48c5-81f0-5558b6028407"",""replica"":""f9f443f1-eb67-4b1e-9cc3-af5e65fd80c1""}",2026-01-30T11:09:46.375142088Z
    from crm_app.whatsapp_webhook_handler import processar_webhook_whatsapp,"{""level"":""error""}","{""project"":""7171eee1-2c6e-446a-b7a9-880d3786c51a"",""environment"":""8f157a2b-2cad-4084-8cd4-dc384f810fa5"",""service"":""4e96e4c9-648b-43c2-ad1f-68614ff2a013"",""deployment"":""9eeaf744-7b37-48c5-81f0-5558b6028407"",""replica"":""f9f443f1-eb67-4b1e-9cc3-af5e65fd80c1""}",2026-01-30T11:09:46.375142368Z
           ^^^^^^^^^^^^^^^^^^^^^^^^^^^^^^^^^^^,"{""level"":""error""}","{""project"":""7171eee1-2c6e-446a-b7a9-880d3786c51a"",""environment"":""8f157a2b-2cad-4084-8cd4-dc384f810fa5"",""service"":""4e96e4c9-648b-43c2-ad1f-68614ff2a013"",""deployment"":""9eeaf744-7b37-48c5-81f0-5558b6028407"",""replica"":""f9f443f1-eb67-4b1e-9cc3-af5e65fd80c1""}",2026-01-30T11:09:46.375145667Z
           ^^^^^^^^^^^^^^^^^^^^^^^^^^^^^^^^^^^^^^^,"{""level"":""error""}","{""project"":""7171eee1-2c6e-446a-b7a9-880d3786c51a"",""environment"":""8f157a2b-2cad-4084-8cd4-dc384f810fa5"",""service"":""4e96e4c9-648b-43c2-ad1f-68614ff2a013"",""deployment"":""9eeaf744-7b37-48c5-81f0-5558b6028407"",""replica"":""f9f443f1-eb67-4b1e-9cc3-af5e65fd80c1""}",2026-01-30T11:09:46.375145817Z
               ^^^^^^^^^^^^^^^^^^^^^^^^^^,"{""level"":""error""}","{""project"":""7171eee1-2c6e-446a-b7a9-880d3786c51a"",""environment"":""8f157a2b-2cad-4084-8cd4-dc384f810fa5"",""service"":""4e96e4c9-648b-43c2-ad1f-68614ff2a013"",""deployment"":""9eeaf744-7b37-48c5-81f0-5558b6028407"",""replica"":""f9f443f1-eb67-4b1e-9cc3-af5e65fd80c1""}",2026-01-30T11:09:46.375147757Z
"  File ""/usr/local/lib/python3.11/site-packages/rest_framework/views.py"", line 515, in dispatch","{""level"":""error""}","{""project"":""7171eee1-2c6e-446a-b7a9-880d3786c51a"",""environment"":""8f157a2b-2cad-4084-8cd4-dc384f810fa5"",""service"":""4e96e4c9-648b-43c2-ad1f-68614ff2a013"",""deployment"":""9eeaf744-7b37-48c5-81f0-5558b6028407"",""replica"":""f9f443f1-eb67-4b1e-9cc3-af5e65fd80c1""}",2026-01-30T11:09:46.375149927Z
    raise exc,"{""level"":""error""}","{""project"":""7171eee1-2c6e-446a-b7a9-880d3786c51a"",""environment"":""8f157a2b-2cad-4084-8cd4-dc384f810fa5"",""service"":""4e96e4c9-648b-43c2-ad1f-68614ff2a013"",""deployment"":""9eeaf744-7b37-48c5-81f0-5558b6028407"",""replica"":""f9f443f1-eb67-4b1e-9cc3-af5e65fd80c1""}",2026-01-30T11:09:46.375152577Z
"  File ""/usr/local/lib/python3.11/site-packages/rest_framework/views.py"", line 475, in handle_exception","{""level"":""error""}","{""project"":""7171eee1-2c6e-446a-b7a9-880d3786c51a"",""environment"":""8f157a2b-2cad-4084-8cd4-dc384f810fa5"",""service"":""4e96e4c9-648b-43c2-ad1f-68614ff2a013"",""deployment"":""9eeaf744-7b37-48c5-81f0-5558b6028407"",""replica"":""f9f443f1-eb67-4b1e-9cc3-af5e65fd80c1""}",2026-01-30T11:09:46.375153277Z
"  File ""/usr/local/lib/python3.11/site-packages/rest_framework/views.py"", line 512, in dispatch","{""level"":""error""}","{""project"":""7171eee1-2c6e-446a-b7a9-880d3786c51a"",""environment"":""8f157a2b-2cad-4084-8cd4-dc384f810fa5"",""service"":""4e96e4c9-648b-43c2-ad1f-68614ff2a013"",""deployment"":""9eeaf744-7b37-48c5-81f0-5558b6028407"",""replica"":""f9f443f1-eb67-4b1e-9cc3-af5e65fd80c1""}",2026-01-30T11:09:46.375157717Z
"ERROR 2026-01-30 08:09:46,323 log Internal Server Error: /api/crm/webhook-whatsapp/","{""level"":""error""}","{""project"":""7171eee1-2c6e-446a-b7a9-880d3786c51a"",""environment"":""8f157a2b-2cad-4084-8cd4-dc384f810fa5"",""service"":""4e96e4c9-648b-43c2-ad1f-68614ff2a013"",""deployment"":""9eeaf744-7b37-48c5-81f0-5558b6028407"",""replica"":""f9f443f1-eb67-4b1e-9cc3-af5e65fd80c1""}",2026-01-30T11:09:46.375282186Z
Traceback (most recent call last):,"{""level"":""error""}","{""project"":""7171eee1-2c6e-446a-b7a9-880d3786c51a"",""environment"":""8f157a2b-2cad-4084-8cd4-dc384f810fa5"",""service"":""4e96e4c9-648b-43c2-ad1f-68614ff2a013"",""deployment"":""9eeaf744-7b37-48c5-81f0-5558b6028407"",""replica"":""f9f443f1-eb67-4b1e-9cc3-af5e65fd80c1""}",2026-01-30T11:09:46.375290546Z
"  File ""/usr/local/lib/python3.11/site-packages/django/core/handlers/exception.py"", line 55, in inner","{""level"":""error""}","{""project"":""7171eee1-2c6e-446a-b7a9-880d3786c51a"",""environment"":""8f157a2b-2cad-4084-8cd4-dc384f810fa5"",""service"":""4e96e4c9-648b-43c2-ad1f-68614ff2a013"",""deployment"":""9eeaf744-7b37-48c5-81f0-5558b6028407"",""replica"":""f9f443f1-eb67-4b1e-9cc3-af5e65fd80c1""}",2026-01-30T11:09:46.375296946Z
    response = get_response(request),"{""level"":""error""}","{""project"":""7171eee1-2c6e-446a-b7a9-880d3786c51a"",""environment"":""8f157a2b-2cad-4084-8cd4-dc384f810fa5"",""service"":""4e96e4c9-648b-43c2-ad1f-68614ff2a013"",""deployment"":""9eeaf744-7b37-48c5-81f0-5558b6028407"",""replica"":""f9f443f1-eb67-4b1e-9cc3-af5e65fd80c1""}",2026-01-30T11:09:46.375302966Z
"ERROR 2026-01-30 08:09:46,595 log Internal Server Error: /api/crm/webhook-whatsapp/","{""level"":""error""}","{""project"":""7171eee1-2c6e-446a-b7a9-880d3786c51a"",""environment"":""8f157a2b-2cad-4084-8cd4-dc384f810fa5"",""service"":""4e96e4c9-648b-43c2-ad1f-68614ff2a013"",""deployment"":""9eeaf744-7b37-48c5-81f0-5558b6028407"",""replica"":""f9f443f1-eb67-4b1e-9cc3-af5e65fd80c1""}",2026-01-30T11:09:46.726444525Z
Traceback (most recent call last):,"{""level"":""error""}","{""project"":""7171eee1-2c6e-446a-b7a9-880d3786c51a"",""environment"":""8f157a2b-2cad-4084-8cd4-dc384f810fa5"",""service"":""4e96e4c9-648b-43c2-ad1f-68614ff2a013"",""deployment"":""9eeaf744-7b37-48c5-81f0-5558b6028407"",""replica"":""f9f443f1-eb67-4b1e-9cc3-af5e65fd80c1""}",2026-01-30T11:09:46.726448675Z
"  File ""/usr/local/lib/python3.11/site-packages/django/core/handlers/exception.py"", line 55, in inner","{""level"":""error""}","{""project"":""7171eee1-2c6e-446a-b7a9-880d3786c51a"",""environment"":""8f157a2b-2cad-4084-8cd4-dc384f810fa5"",""service"":""4e96e4c9-648b-43c2-ad1f-68614ff2a013"",""deployment"":""9eeaf744-7b37-48c5-81f0-5558b6028407"",""replica"":""f9f443f1-eb67-4b1e-9cc3-af5e65fd80c1""}",2026-01-30T11:09:46.726453095Z
    response = get_response(request),"{""level"":""error""}","{""project"":""7171eee1-2c6e-446a-b7a9-880d3786c51a"",""environment"":""8f157a2b-2cad-4084-8cd4-dc384f810fa5"",""service"":""4e96e4c9-648b-43c2-ad1f-68614ff2a013"",""deployment"":""9eeaf744-7b37-48c5-81f0-5558b6028407"",""replica"":""f9f443f1-eb67-4b1e-9cc3-af5e65fd80c1""}",2026-01-30T11:09:46.726462535Z
               ^^^^^^^^^^^^^^^^^^^^^,"{""level"":""error""}","{""project"":""7171eee1-2c6e-446a-b7a9-880d3786c51a"",""environment"":""8f157a2b-2cad-4084-8cd4-dc384f810fa5"",""service"":""4e96e4c9-648b-43c2-ad1f-68614ff2a013"",""deployment"":""9eeaf744-7b37-48c5-81f0-5558b6028407"",""replica"":""f9f443f1-eb67-4b1e-9cc3-af5e65fd80c1""}",2026-01-30T11:09:46.726466275Z
"  File ""/usr/local/lib/python3.11/site-packages/django/core/handlers/base.py"", line 197, in _get_response","{""level"":""error""}","{""project"":""7171eee1-2c6e-446a-b7a9-880d3786c51a"",""environment"":""8f157a2b-2cad-4084-8cd4-dc384f810fa5"",""service"":""4e96e4c9-648b-43c2-ad1f-68614ff2a013"",""deployment"":""9eeaf744-7b37-48c5-81f0-5558b6028407"",""replica"":""f9f443f1-eb67-4b1e-9cc3-af5e65fd80c1""}",2026-01-30T11:09:46.726496065Z
"    response = wrapped_callback(request, *callback_args, **callback_kwargs)","{""level"":""error""}","{""project"":""7171eee1-2c6e-446a-b7a9-880d3786c51a"",""environment"":""8f157a2b-2cad-4084-8cd4-dc384f810fa5"",""service"":""4e96e4c9-648b-43c2-ad1f-68614ff2a013"",""deployment"":""9eeaf744-7b37-48c5-81f0-5558b6028407"",""replica"":""f9f443f1-eb67-4b1e-9cc3-af5e65fd80c1""}",2026-01-30T11:09:46.726499865Z
               ^^^^^^^^^^^^^^^^^^^^^^^^^^^^^^^^^^^^^^^^^^^^^^^^^^^^^^^^^^^^,"{""level"":""error""}","{""project"":""7171eee1-2c6e-446a-b7a9-880d3786c51a"",""environment"":""8f157a2b-2cad-4084-8cd4-dc384f810fa5"",""service"":""4e96e4c9-648b-43c2-ad1f-68614ff2a013"",""deployment"":""9eeaf744-7b37-48c5-81f0-5558b6028407"",""replica"":""f9f443f1-eb67-4b1e-9cc3-af5e65fd80c1""}",2026-01-30T11:09:46.726503895Z
"  File ""/usr/local/lib/python3.11/site-packages/django/views/decorators/csrf.py"", line 65, in _view_wrapper","{""level"":""error""}","{""project"":""7171eee1-2c6e-446a-b7a9-880d3786c51a"",""environment"":""8f157a2b-2cad-4084-8cd4-dc384f810fa5"",""service"":""4e96e4c9-648b-43c2-ad1f-68614ff2a013"",""deployment"":""9eeaf744-7b37-48c5-81f0-5558b6028407"",""replica"":""f9f443f1-eb67-4b1e-9cc3-af5e65fd80c1""}",2026-01-30T11:09:46.726612035Z
"    return view_func(request, *args, **kwargs)","{""level"":""error""}","{""project"":""7171eee1-2c6e-446a-b7a9-880d3786c51a"",""environment"":""8f157a2b-2cad-4084-8cd4-dc384f810fa5"",""service"":""4e96e4c9-648b-43c2-ad1f-68614ff2a013"",""deployment"":""9eeaf744-7b37-48c5-81f0-5558b6028407"",""replica"":""f9f443f1-eb67-4b1e-9cc3-af5e65fd80c1""}",2026-01-30T11:09:46.726625355Z
           ^^^^^^^^^^^^^^^^^^^^^^^^^^^^^^^^^^^,"{""level"":""error""}","{""project"":""7171eee1-2c6e-446a-b7a9-880d3786c51a"",""environment"":""8f157a2b-2cad-4084-8cd4-dc384f810fa5"",""service"":""4e96e4c9-648b-43c2-ad1f-68614ff2a013"",""deployment"":""9eeaf744-7b37-48c5-81f0-5558b6028407"",""replica"":""f9f443f1-eb67-4b1e-9cc3-af5e65fd80c1""}",2026-01-30T11:09:46.726632005Z
"  File ""/usr/local/lib/python3.11/site-packages/django/views/generic/base.py"", line 104, in view","{""level"":""error""}","{""project"":""7171eee1-2c6e-446a-b7a9-880d3786c51a"",""environment"":""8f157a2b-2cad-4084-8cd4-dc384f810fa5"",""service"":""4e96e4c9-648b-43c2-ad1f-68614ff2a013"",""deployment"":""9eeaf744-7b37-48c5-81f0-5558b6028407"",""replica"":""f9f443f1-eb67-4b1e-9cc3-af5e65fd80c1""}",2026-01-30T11:09:46.726636004Z
"    return self.dispatch(request, *args, **kwargs)","{""level"":""error""}","{""project"":""7171eee1-2c6e-446a-b7a9-880d3786c51a"",""environment"":""8f157a2b-2cad-4084-8cd4-dc384f810fa5"",""service"":""4e96e4c9-648b-43c2-ad1f-68614ff2a013"",""deployment"":""9eeaf744-7b37-48c5-81f0-5558b6028407"",""replica"":""f9f443f1-eb67-4b1e-9cc3-af5e65fd80c1""}",2026-01-30T11:09:46.726642594Z
           ^^^^^^^^^^^^^^^^^^^^^^^^^^^^^^^^^^^^^^^,"{""level"":""error""}","{""project"":""7171eee1-2c6e-446a-b7a9-880d3786c51a"",""environment"":""8f157a2b-2cad-4084-8cd4-dc384f810fa5"",""service"":""4e96e4c9-648b-43c2-ad1f-68614ff2a013"",""deployment"":""9eeaf744-7b37-48c5-81f0-5558b6028407"",""replica"":""f9f443f1-eb67-4b1e-9cc3-af5e65fd80c1""}",2026-01-30T11:09:46.726649814Z
"  File ""/usr/local/lib/python3.11/site-packages/rest_framework/views.py"", line 515, in dispatch","{""level"":""error""}","{""project"":""7171eee1-2c6e-446a-b7a9-880d3786c51a"",""environment"":""8f157a2b-2cad-4084-8cd4-dc384f810fa5"",""service"":""4e96e4c9-648b-43c2-ad1f-68614ff2a013"",""deployment"":""9eeaf744-7b37-48c5-81f0-5558b6028407"",""replica"":""f9f443f1-eb67-4b1e-9cc3-af5e65fd80c1""}",2026-01-30T11:09:46.726653554Z
    response = self.handle_exception(exc),"{""level"":""error""}","{""project"":""7171eee1-2c6e-446a-b7a9-880d3786c51a"",""environment"":""8f157a2b-2cad-4084-8cd4-dc384f810fa5"",""service"":""4e96e4c9-648b-43c2-ad1f-68614ff2a013"",""deployment"":""9eeaf744-7b37-48c5-81f0-5558b6028407"",""replica"":""f9f443f1-eb67-4b1e-9cc3-af5e65fd80c1""}",2026-01-30T11:09:46.726657694Z
               ^^^^^^^^^^^^^^^^^^^^^^^^^^,"{""level"":""error""}","{""project"":""7171eee1-2c6e-446a-b7a9-880d3786c51a"",""environment"":""8f157a2b-2cad-4084-8cd4-dc384f810fa5"",""service"":""4e96e4c9-648b-43c2-ad1f-68614ff2a013"",""deployment"":""9eeaf744-7b37-48c5-81f0-5558b6028407"",""replica"":""f9f443f1-eb67-4b1e-9cc3-af5e65fd80c1""}",2026-01-30T11:09:46.726661574Z
"  File ""/usr/local/lib/python3.11/site-packages/rest_framework/views.py"", line 475, in handle_exception","{""level"":""error""}","{""project"":""7171eee1-2c6e-446a-b7a9-880d3786c51a"",""environment"":""8f157a2b-2cad-4084-8cd4-dc384f810fa5"",""service"":""4e96e4c9-648b-43c2-ad1f-68614ff2a013"",""deployment"":""9eeaf744-7b37-48c5-81f0-5558b6028407"",""replica"":""f9f443f1-eb67-4b1e-9cc3-af5e65fd80c1""}",2026-01-30T11:09:46.726665134Z
    self.raise_uncaught_exception(exc),"{""level"":""error""}","{""project"":""7171eee1-2c6e-446a-b7a9-880d3786c51a"",""environment"":""8f157a2b-2cad-4084-8cd4-dc384f810fa5"",""service"":""4e96e4c9-648b-43c2-ad1f-68614ff2a013"",""deployment"":""9eeaf744-7b37-48c5-81f0-5558b6028407"",""replica"":""f9f443f1-eb67-4b1e-9cc3-af5e65fd80c1""}",2026-01-30T11:09:46.726668934Z
"  File ""/usr/local/lib/python3.11/site-packages/rest_framework/views.py"", line 486, in raise_uncaught_exception","{""level"":""error""}","{""project"":""7171eee1-2c6e-446a-b7a9-880d3786c51a"",""environment"":""8f157a2b-2cad-4084-8cd4-dc384f810fa5"",""service"":""4e96e4c9-648b-43c2-ad1f-68614ff2a013"",""deployment"":""9eeaf744-7b37-48c5-81f0-5558b6028407"",""replica"":""f9f443f1-eb67-4b1e-9cc3-af5e65fd80c1""}",2026-01-30T11:09:46.726672294Z
    raise exc,"{""level"":""error""}","{""project"":""7171eee1-2c6e-446a-b7a9-880d3786c51a"",""environment"":""8f157a2b-2cad-4084-8cd4-dc384f810fa5"",""service"":""4e96e4c9-648b-43c2-ad1f-68614ff2a013"",""deployment"":""9eeaf744-7b37-48c5-81f0-5558b6028407"",""replica"":""f9f443f1-eb67-4b1e-9cc3-af5e65fd80c1""}",2026-01-30T11:09:46.726675624Z
"  File ""/usr/local/lib/python3.11/site-packages/rest_framework/views.py"", line 512, in dispatch","{""level"":""error""}","{""project"":""7171eee1-2c6e-446a-b7a9-880d3786c51a"",""environment"":""8f157a2b-2cad-4084-8cd4-dc384f810fa5"",""service"":""4e96e4c9-648b-43c2-ad1f-68614ff2a013"",""deployment"":""9eeaf744-7b37-48c5-81f0-5558b6028407"",""replica"":""f9f443f1-eb67-4b1e-9cc3-af5e65fd80c1""}",2026-01-30T11:09:46.726678994Z
"    response = handler(request, *args, **kwargs)","{""level"":""error""}","{""project"":""7171eee1-2c6e-446a-b7a9-880d3786c51a"",""environment"":""8f157a2b-2cad-4084-8cd4-dc384f810fa5"",""service"":""4e96e4c9-648b-43c2-ad1f-68614ff2a013"",""deployment"":""9eeaf744-7b37-48c5-81f0-5558b6028407"",""replica"":""f9f443f1-eb67-4b1e-9cc3-af5e65fd80c1""}",2026-01-30T11:09:46.726682184Z
               ^^^^^^^^^^^^^^^^^^^^^^^^^^^^^^^^^,"{""level"":""error""}","{""project"":""7171eee1-2c6e-446a-b7a9-880d3786c51a"",""environment"":""8f157a2b-2cad-4084-8cd4-dc384f810fa5"",""service"":""4e96e4c9-648b-43c2-ad1f-68614ff2a013"",""deployment"":""9eeaf744-7b37-48c5-81f0-5558b6028407"",""replica"":""f9f443f1-eb67-4b1e-9cc3-af5e65fd80c1""}",2026-01-30T11:09:46.726688264Z
"  File ""/app/crm_app/views.py"", line 153, in post","{""level"":""error""}","{""project"":""7171eee1-2c6e-446a-b7a9-880d3786c51a"",""environment"":""8f157a2b-2cad-4084-8cd4-dc384f810fa5"",""service"":""4e96e4c9-648b-43c2-ad1f-68614ff2a013"",""deployment"":""9eeaf744-7b37-48c5-81f0-5558b6028407"",""replica"":""f9f443f1-eb67-4b1e-9cc3-af5e65fd80c1""}",2026-01-30T11:09:46.726691724Z
    from crm_app.whatsapp_webhook_handler import processar_webhook_whatsapp,"{""level"":""error""}","{""project"":""7171eee1-2c6e-446a-b7a9-880d3786c51a"",""environment"":""8f157a2b-2cad-4084-8cd4-dc384f810fa5"",""service"":""4e96e4c9-648b-43c2-ad1f-68614ff2a013"",""deployment"":""9eeaf744-7b37-48c5-81f0-5558b6028407"",""replica"":""f9f443f1-eb67-4b1e-9cc3-af5e65fd80c1""}",2026-01-30T11:09:46.726695334Z
"  File ""/app/crm_app/whatsapp_webhook_handler.py"", line 1258","{""level"":""error""}","{""project"":""7171eee1-2c6e-446a-b7a9-880d3786c51a"",""environment"":""8f157a2b-2cad-4084-8cd4-dc384f810fa5"",""service"":""4e96e4c9-648b-43c2-ad1f-68614ff2a013"",""deployment"":""9eeaf744-7b37-48c5-81f0-5558b6028407"",""replica"":""f9f443f1-eb67-4b1e-9cc3-af5e65fd80c1""}",2026-01-30T11:09:46.726698604Z
    elif etapa_atual == 'material_buscar':,"{""level"":""error""}","{""project"":""7171eee1-2c6e-446a-b7a9-880d3786c51a"",""environment"":""8f157a2b-2cad-4084-8cd4-dc384f810fa5"",""service"":""4e96e4c9-648b-43c2-ad1f-68614ff2a013"",""deployment"":""9eeaf744-7b37-48c5-81f0-5558b6028407"",""replica"":""f9f443f1-eb67-4b1e-9cc3-af5e65fd80c1""}",2026-01-30T11:09:46.726702144Z
    ^^^^,"{""level"":""error""}","{""project"":""7171eee1-2c6e-446a-b7a9-880d3786c51a"",""environment"":""8f157a2b-2cad-4084-8cd4-dc384f810fa5"",""service"":""4e96e4c9-648b-43c2-ad1f-68614ff2a013"",""deployment"":""9eeaf744-7b37-48c5-81f0-5558b6028407"",""replica"":""f9f443f1-eb67-4b1e-9cc3-af5e65fd80c1""}",2026-01-30T11:09:46.726705694Z
SyntaxError: invalid syntax,"{""level"":""error""}","{""project"":""7171eee1-2c6e-446a-b7a9-880d3786c51a"",""environment"":""8f157a2b-2cad-4084-8cd4-dc384f810fa5"",""service"":""4e96e4c9-648b-43c2-ad1f-68614ff2a013"",""deployment"":""9eeaf744-7b37-48c5-81f0-5558b6028407"",""replica"":""f9f443f1-eb67-4b1e-9cc3-af5e65fd80c1""}",2026-01-30T11:09:46.726709044Z
"ERROR 2026-01-30 08:09:53,321 log Internal Server Error: /api/crm/webhook-whatsapp/","{""level"":""error""}","{""project"":""7171eee1-2c6e-446a-b7a9-880d3786c51a"",""environment"":""8f157a2b-2cad-4084-8cd4-dc384f810fa5"",""service"":""4e96e4c9-648b-43c2-ad1f-68614ff2a013"",""deployment"":""9eeaf744-7b37-48c5-81f0-5558b6028407"",""replica"":""f9f443f1-eb67-4b1e-9cc3-af5e65fd80c1""}",2026-01-30T11:09:53.350610171Z
Traceback (most recent call last):,"{""level"":""error""}","{""project"":""7171eee1-2c6e-446a-b7a9-880d3786c51a"",""environment"":""8f157a2b-2cad-4084-8cd4-dc384f810fa5"",""service"":""4e96e4c9-648b-43c2-ad1f-68614ff2a013"",""deployment"":""9eeaf744-7b37-48c5-81f0-5558b6028407"",""replica"":""f9f443f1-eb67-4b1e-9cc3-af5e65fd80c1""}",2026-01-30T11:09:53.350615231Z
"  File ""/usr/local/lib/python3.11/site-packages/django/core/handlers/exception.py"", line 55, in inner","{""level"":""error""}","{""project"":""7171eee1-2c6e-446a-b7a9-880d3786c51a"",""environment"":""8f157a2b-2cad-4084-8cd4-dc384f810fa5"",""service"":""4e96e4c9-648b-43c2-ad1f-68614ff2a013"",""deployment"":""9eeaf744-7b37-48c5-81f0-5558b6028407"",""replica"":""f9f443f1-eb67-4b1e-9cc3-af5e65fd80c1""}",2026-01-30T11:09:53.350617911Z
    response = get_response(request),"{""level"":""error""}","{""project"":""7171eee1-2c6e-446a-b7a9-880d3786c51a"",""environment"":""8f157a2b-2cad-4084-8cd4-dc384f810fa5"",""service"":""4e96e4c9-648b-43c2-ad1f-68614ff2a013"",""deployment"":""9eeaf744-7b37-48c5-81f0-5558b6028407"",""replica"":""f9f443f1-eb67-4b1e-9cc3-af5e65fd80c1""}",2026-01-30T11:09:53.350620421Z
               ^^^^^^^^^^^^^^^^^^^^^,"{""level"":""error""}","{""project"":""7171eee1-2c6e-446a-b7a9-880d3786c51a"",""environment"":""8f157a2b-2cad-4084-8cd4-dc384f810fa5"",""service"":""4e96e4c9-648b-43c2-ad1f-68614ff2a013"",""deployment"":""9eeaf744-7b37-48c5-81f0-5558b6028407"",""replica"":""f9f443f1-eb67-4b1e-9cc3-af5e65fd80c1""}",2026-01-30T11:09:53.350623021Z
"  File ""/usr/local/lib/python3.11/site-packages/django/core/handlers/base.py"", line 197, in _get_response","{""level"":""error""}","{""project"":""7171eee1-2c6e-446a-b7a9-880d3786c51a"",""environment"":""8f157a2b-2cad-4084-8cd4-dc384f810fa5"",""service"":""4e96e4c9-648b-43c2-ad1f-68614ff2a013"",""deployment"":""9eeaf744-7b37-48c5-81f0-5558b6028407"",""replica"":""f9f443f1-eb67-4b1e-9cc3-af5e65fd80c1""}",2026-01-30T11:09:53.350625921Z
"    response = wrapped_callback(request, *callback_args, **callback_kwargs)","{""level"":""error""}","{""project"":""7171eee1-2c6e-446a-b7a9-880d3786c51a"",""environment"":""8f157a2b-2cad-4084-8cd4-dc384f810fa5"",""service"":""4e96e4c9-648b-43c2-ad1f-68614ff2a013"",""deployment"":""9eeaf744-7b37-48c5-81f0-5558b6028407"",""replica"":""f9f443f1-eb67-4b1e-9cc3-af5e65fd80c1""}",2026-01-30T11:09:53.350628001Z
               ^^^^^^^^^^^^^^^^^^^^^^^^^^^^^^^^^^^^^^^^^^^^^^^^^^^^^^^^^^^^,"{""level"":""error""}","{""project"":""7171eee1-2c6e-446a-b7a9-880d3786c51a"",""environment"":""8f157a2b-2cad-4084-8cd4-dc384f810fa5"",""service"":""4e96e4c9-648b-43c2-ad1f-68614ff2a013"",""deployment"":""9eeaf744-7b37-48c5-81f0-5558b6028407"",""replica"":""f9f443f1-eb67-4b1e-9cc3-af5e65fd80c1""}",2026-01-30T11:09:53.350630241Z
"  File ""/usr/local/lib/python3.11/site-packages/django/views/decorators/csrf.py"", line 65, in _view_wrapper","{""level"":""error""}","{""project"":""7171eee1-2c6e-446a-b7a9-880d3786c51a"",""environment"":""8f157a2b-2cad-4084-8cd4-dc384f810fa5"",""service"":""4e96e4c9-648b-43c2-ad1f-68614ff2a013"",""deployment"":""9eeaf744-7b37-48c5-81f0-5558b6028407"",""replica"":""f9f443f1-eb67-4b1e-9cc3-af5e65fd80c1""}",2026-01-30T11:09:53.350632421Z
"    return view_func(request, *args, **kwargs)","{""level"":""error""}","{""project"":""7171eee1-2c6e-446a-b7a9-880d3786c51a"",""environment"":""8f157a2b-2cad-4084-8cd4-dc384f810fa5"",""service"":""4e96e4c9-648b-43c2-ad1f-68614ff2a013"",""deployment"":""9eeaf744-7b37-48c5-81f0-5558b6028407"",""replica"":""f9f443f1-eb67-4b1e-9cc3-af5e65fd80c1""}",2026-01-30T11:09:53.350634831Z
           ^^^^^^^^^^^^^^^^^^^^^^^^^^^^^^^^^^^,"{""level"":""error""}","{""project"":""7171eee1-2c6e-446a-b7a9-880d3786c51a"",""environment"":""8f157a2b-2cad-4084-8cd4-dc384f810fa5"",""service"":""4e96e4c9-648b-43c2-ad1f-68614ff2a013"",""deployment"":""9eeaf744-7b37-48c5-81f0-5558b6028407"",""replica"":""f9f443f1-eb67-4b1e-9cc3-af5e65fd80c1""}",2026-01-30T11:09:53.350637031Z
"  File ""/usr/local/lib/python3.11/site-packages/django/views/generic/base.py"", line 104, in view","{""level"":""error""}","{""project"":""7171eee1-2c6e-446a-b7a9-880d3786c51a"",""environment"":""8f157a2b-2cad-4084-8cd4-dc384f810fa5"",""service"":""4e96e4c9-648b-43c2-ad1f-68614ff2a013"",""deployment"":""9eeaf744-7b37-48c5-81f0-5558b6028407"",""replica"":""f9f443f1-eb67-4b1e-9cc3-af5e65fd80c1""}",2026-01-30T11:09:53.350639911Z
"    return self.dispatch(request, *args, **kwargs)","{""level"":""error""}","{""project"":""7171eee1-2c6e-446a-b7a9-880d3786c51a"",""environment"":""8f157a2b-2cad-4084-8cd4-dc384f810fa5"",""service"":""4e96e4c9-648b-43c2-ad1f-68614ff2a013"",""deployment"":""9eeaf744-7b37-48c5-81f0-5558b6028407"",""replica"":""f9f443f1-eb67-4b1e-9cc3-af5e65fd80c1""}",2026-01-30T11:09:53.350641951Z
           ^^^^^^^^^^^^^^^^^^^^^^^^^^^^^^^^^^^^^^^,"{""level"":""error""}","{""project"":""7171eee1-2c6e-446a-b7a9-880d3786c51a"",""environment"":""8f157a2b-2cad-4084-8cd4-dc384f810fa5"",""service"":""4e96e4c9-648b-43c2-ad1f-68614ff2a013"",""deployment"":""9eeaf744-7b37-48c5-81f0-5558b6028407"",""replica"":""f9f443f1-eb67-4b1e-9cc3-af5e65fd80c1""}",2026-01-30T11:09:53.350644581Z
"  File ""/usr/local/lib/python3.11/site-packages/rest_framework/views.py"", line 515, in dispatch","{""level"":""error""}","{""project"":""7171eee1-2c6e-446a-b7a9-880d3786c51a"",""environment"":""8f157a2b-2cad-4084-8cd4-dc384f810fa5"",""service"":""4e96e4c9-648b-43c2-ad1f-68614ff2a013"",""deployment"":""9eeaf744-7b37-48c5-81f0-5558b6028407"",""replica"":""f9f443f1-eb67-4b1e-9cc3-af5e65fd80c1""}",2026-01-30T11:09:53.350646650Z
    response = self.handle_exception(exc),"{""level"":""error""}","{""project"":""7171eee1-2c6e-446a-b7a9-880d3786c51a"",""environment"":""8f157a2b-2cad-4084-8cd4-dc384f810fa5"",""service"":""4e96e4c9-648b-43c2-ad1f-68614ff2a013"",""deployment"":""9eeaf744-7b37-48c5-81f0-5558b6028407"",""replica"":""f9f443f1-eb67-4b1e-9cc3-af5e65fd80c1""}",2026-01-30T11:09:53.350649020Z
               ^^^^^^^^^^^^^^^^^^^^^^^^^^,"{""level"":""error""}","{""project"":""7171eee1-2c6e-446a-b7a9-880d3786c51a"",""environment"":""8f157a2b-2cad-4084-8cd4-dc384f810fa5"",""service"":""4e96e4c9-648b-43c2-ad1f-68614ff2a013"",""deployment"":""9eeaf744-7b37-48c5-81f0-5558b6028407"",""replica"":""f9f443f1-eb67-4b1e-9cc3-af5e65fd80c1""}",2026-01-30T11:09:53.350650960Z
"  File ""/usr/local/lib/python3.11/site-packages/rest_framework/views.py"", line 475, in handle_exception","{""level"":""error""}","{""project"":""7171eee1-2c6e-446a-b7a9-880d3786c51a"",""environment"":""8f157a2b-2cad-4084-8cd4-dc384f810fa5"",""service"":""4e96e4c9-648b-43c2-ad1f-68614ff2a013"",""deployment"":""9eeaf744-7b37-48c5-81f0-5558b6028407"",""replica"":""f9f443f1-eb67-4b1e-9cc3-af5e65fd80c1""}",2026-01-30T11:09:53.350653110Z
    self.raise_uncaught_exception(exc),"{""level"":""error""}","{""project"":""7171eee1-2c6e-446a-b7a9-880d3786c51a"",""environment"":""8f157a2b-2cad-4084-8cd4-dc384f810fa5"",""service"":""4e96e4c9-648b-43c2-ad1f-68614ff2a013"",""deployment"":""9eeaf744-7b37-48c5-81f0-5558b6028407"",""replica"":""f9f443f1-eb67-4b1e-9cc3-af5e65fd80c1""}",2026-01-30T11:09:53.350655230Z
"  File ""/usr/local/lib/python3.11/site-packages/rest_framework/views.py"", line 486, in raise_uncaught_exception","{""level"":""error""}","{""project"":""7171eee1-2c6e-446a-b7a9-880d3786c51a"",""environment"":""8f157a2b-2cad-4084-8cd4-dc384f810fa5"",""service"":""4e96e4c9-648b-43c2-ad1f-68614ff2a013"",""deployment"":""9eeaf744-7b37-48c5-81f0-5558b6028407"",""replica"":""f9f443f1-eb67-4b1e-9cc3-af5e65fd80c1""}",2026-01-30T11:09:53.352103978Z
    raise exc,"{""level"":""error""}","{""project"":""7171eee1-2c6e-446a-b7a9-880d3786c51a"",""environment"":""8f157a2b-2cad-4084-8cd4-dc384f810fa5"",""service"":""4e96e4c9-648b-43c2-ad1f-68614ff2a013"",""deployment"":""9eeaf744-7b37-48c5-81f0-5558b6028407"",""replica"":""f9f443f1-eb67-4b1e-9cc3-af5e65fd80c1""}",2026-01-30T11:09:53.352112788Z
"  File ""/usr/local/lib/python3.11/site-packages/rest_framework/views.py"", line 512, in dispatch","{""level"":""error""}","{""project"":""7171eee1-2c6e-446a-b7a9-880d3786c51a"",""environment"":""8f157a2b-2cad-4084-8cd4-dc384f810fa5"",""service"":""4e96e4c9-648b-43c2-ad1f-68614ff2a013"",""deployment"":""9eeaf744-7b37-48c5-81f0-5558b6028407"",""replica"":""f9f443f1-eb67-4b1e-9cc3-af5e65fd80c1""}",2026-01-30T11:09:53.352116667Z
"    response = handler(request, *args, **kwargs)","{""level"":""error""}","{""project"":""7171eee1-2c6e-446a-b7a9-880d3786c51a"",""environment"":""8f157a2b-2cad-4084-8cd4-dc384f810fa5"",""service"":""4e96e4c9-648b-43c2-ad1f-68614ff2a013"",""deployment"":""9eeaf744-7b37-48c5-81f0-5558b6028407"",""replica"":""f9f443f1-eb67-4b1e-9cc3-af5e65fd80c1""}",2026-01-30T11:09:53.352120247Z
               ^^^^^^^^^^^^^^^^^^^^^^^^^^^^^^^^^,"{""level"":""error""}","{""project"":""7171eee1-2c6e-446a-b7a9-880d3786c51a"",""environment"":""8f157a2b-2cad-4084-8cd4-dc384f810fa5"",""service"":""4e96e4c9-648b-43c2-ad1f-68614ff2a013"",""deployment"":""9eeaf744-7b37-48c5-81f0-5558b6028407"",""replica"":""f9f443f1-eb67-4b1e-9cc3-af5e65fd80c1""}",2026-01-30T11:09:53.352123847Z
"  File ""/app/crm_app/views.py"", line 153, in post","{""level"":""error""}","{""project"":""7171eee1-2c6e-446a-b7a9-880d3786c51a"",""environment"":""8f157a2b-2cad-4084-8cd4-dc384f810fa5"",""service"":""4e96e4c9-648b-43c2-ad1f-68614ff2a013"",""deployment"":""9eeaf744-7b37-48c5-81f0-5558b6028407"",""replica"":""f9f443f1-eb67-4b1e-9cc3-af5e65fd80c1""}",2026-01-30T11:09:53.352128297Z
    from crm_app.whatsapp_webhook_handler import processar_webhook_whatsapp,"{""level"":""error""}","{""project"":""7171eee1-2c6e-446a-b7a9-880d3786c51a"",""environment"":""8f157a2b-2cad-4084-8cd4-dc384f810fa5"",""service"":""4e96e4c9-648b-43c2-ad1f-68614ff2a013"",""deployment"":""9eeaf744-7b37-48c5-81f0-5558b6028407"",""replica"":""f9f443f1-eb67-4b1e-9cc3-af5e65fd80c1""}",2026-01-30T11:09:53.352132148Z
"  File ""/app/crm_app/whatsapp_webhook_handler.py"", line 1258","{""level"":""error""}","{""project"":""7171eee1-2c6e-446a-b7a9-880d3786c51a"",""environment"":""8f157a2b-2cad-4084-8cd4-dc384f810fa5"",""service"":""4e96e4c9-648b-43c2-ad1f-68614ff2a013"",""deployment"":""9eeaf744-7b37-48c5-81f0-5558b6028407"",""replica"":""f9f443f1-eb67-4b1e-9cc3-af5e65fd80c1""}",2026-01-30T11:09:53.352136508Z
    elif etapa_atual == 'material_buscar':,"{""level"":""error""}","{""project"":""7171eee1-2c6e-446a-b7a9-880d3786c51a"",""environment"":""8f157a2b-2cad-4084-8cd4-dc384f810fa5"",""service"":""4e96e4c9-648b-43c2-ad1f-68614ff2a013"",""deployment"":""9eeaf744-7b37-48c5-81f0-5558b6028407"",""replica"":""f9f443f1-eb67-4b1e-9cc3-af5e65fd80c1""}",2026-01-30T11:09:53.352140428Z
    ^^^^,"{""level"":""error""}","{""project"":""7171eee1-2c6e-446a-b7a9-880d3786c51a"",""environment"":""8f157a2b-2cad-4084-8cd4-dc384f810fa5"",""service"":""4e96e4c9-648b-43c2-ad1f-68614ff2a013"",""deployment"":""9eeaf744-7b37-48c5-81f0-5558b6028407"",""replica"":""f9f443f1-eb67-4b1e-9cc3-af5e65fd80c1""}",2026-01-30T11:09:53.352144468Z
SyntaxError: invalid syntax,"{""level"":""error""}","{""project"":""7171eee1-2c6e-446a-b7a9-880d3786c51a"",""environment"":""8f157a2b-2cad-4084-8cd4-dc384f810fa5"",""service"":""4e96e4c9-648b-43c2-ad1f-68614ff2a013"",""deployment"":""9eeaf744-7b37-48c5-81f0-5558b6028407"",""replica"":""f9f443f1-eb67-4b1e-9cc3-af5e65fd80c1""}",2026-01-30T11:09:53.352148718Z
           ^^^^^^^^^^^^^^^^^^^^^^^^^^^^^^^^^^^,"{""level"":""error""}","{""project"":""7171eee1-2c6e-446a-b7a9-880d3786c51a"",""environment"":""8f157a2b-2cad-4084-8cd4-dc384f810fa5"",""service"":""4e96e4c9-648b-43c2-ad1f-68614ff2a013"",""deployment"":""9eeaf744-7b37-48c5-81f0-5558b6028407"",""replica"":""f9f443f1-eb67-4b1e-9cc3-af5e65fd80c1""}",2026-01-30T11:09:53.625858492Z
"ERROR 2026-01-30 08:09:53,587 log Internal Server Error: /api/crm/webhook-whatsapp/","{""level"":""error""}","{""project"":""7171eee1-2c6e-446a-b7a9-880d3786c51a"",""environment"":""8f157a2b-2cad-4084-8cd4-dc384f810fa5"",""service"":""4e96e4c9-648b-43c2-ad1f-68614ff2a013"",""deployment"":""9eeaf744-7b37-48c5-81f0-5558b6028407"",""replica"":""f9f443f1-eb67-4b1e-9cc3-af5e65fd80c1""}",2026-01-30T11:09:53.625860512Z
"  File ""/usr/local/lib/python3.11/site-packages/django/views/generic/base.py"", line 104, in view","{""level"":""error""}","{""project"":""7171eee1-2c6e-446a-b7a9-880d3786c51a"",""environment"":""8f157a2b-2cad-4084-8cd4-dc384f810fa5"",""service"":""4e96e4c9-648b-43c2-ad1f-68614ff2a013"",""deployment"":""9eeaf744-7b37-48c5-81f0-5558b6028407"",""replica"":""f9f443f1-eb67-4b1e-9cc3-af5e65fd80c1""}",2026-01-30T11:09:53.625863662Z
"    return self.dispatch(request, *args, **kwargs)","{""level"":""error""}","{""project"":""7171eee1-2c6e-446a-b7a9-880d3786c51a"",""environment"":""8f157a2b-2cad-4084-8cd4-dc384f810fa5"",""service"":""4e96e4c9-648b-43c2-ad1f-68614ff2a013"",""deployment"":""9eeaf744-7b37-48c5-81f0-5558b6028407"",""replica"":""f9f443f1-eb67-4b1e-9cc3-af5e65fd80c1""}",2026-01-30T11:09:53.625867042Z
Traceback (most recent call last):,"{""level"":""error""}","{""project"":""7171eee1-2c6e-446a-b7a9-880d3786c51a"",""environment"":""8f157a2b-2cad-4084-8cd4-dc384f810fa5"",""service"":""4e96e4c9-648b-43c2-ad1f-68614ff2a013"",""deployment"":""9eeaf744-7b37-48c5-81f0-5558b6028407"",""replica"":""f9f443f1-eb67-4b1e-9cc3-af5e65fd80c1""}",2026-01-30T11:09:53.625868952Z
           ^^^^^^^^^^^^^^^^^^^^^^^^^^^^^^^^^^^^^^^,"{""level"":""error""}","{""project"":""7171eee1-2c6e-446a-b7a9-880d3786c51a"",""environment"":""8f157a2b-2cad-4084-8cd4-dc384f810fa5"",""service"":""4e96e4c9-648b-43c2-ad1f-68614ff2a013"",""deployment"":""9eeaf744-7b37-48c5-81f0-5558b6028407"",""replica"":""f9f443f1-eb67-4b1e-9cc3-af5e65fd80c1""}",2026-01-30T11:09:53.625870202Z
"  File ""/usr/local/lib/python3.11/site-packages/rest_framework/views.py"", line 515, in dispatch","{""level"":""error""}","{""project"":""7171eee1-2c6e-446a-b7a9-880d3786c51a"",""environment"":""8f157a2b-2cad-4084-8cd4-dc384f810fa5"",""service"":""4e96e4c9-648b-43c2-ad1f-68614ff2a013"",""deployment"":""9eeaf744-7b37-48c5-81f0-5558b6028407"",""replica"":""f9f443f1-eb67-4b1e-9cc3-af5e65fd80c1""}",2026-01-30T11:09:53.625873222Z
"  File ""/usr/local/lib/python3.11/site-packages/django/core/handlers/exception.py"", line 55, in inner","{""level"":""error""}","{""project"":""7171eee1-2c6e-446a-b7a9-880d3786c51a"",""environment"":""8f157a2b-2cad-4084-8cd4-dc384f810fa5"",""service"":""4e96e4c9-648b-43c2-ad1f-68614ff2a013"",""deployment"":""9eeaf744-7b37-48c5-81f0-5558b6028407"",""replica"":""f9f443f1-eb67-4b1e-9cc3-af5e65fd80c1""}",2026-01-30T11:09:53.625874232Z
    response = self.handle_exception(exc),"{""level"":""error""}","{""project"":""7171eee1-2c6e-446a-b7a9-880d3786c51a"",""environment"":""8f157a2b-2cad-4084-8cd4-dc384f810fa5"",""service"":""4e96e4c9-648b-43c2-ad1f-68614ff2a013"",""deployment"":""9eeaf744-7b37-48c5-81f0-5558b6028407"",""replica"":""f9f443f1-eb67-4b1e-9cc3-af5e65fd80c1""}",2026-01-30T11:09:53.625876221Z
    response = get_response(request),"{""level"":""error""}","{""project"":""7171eee1-2c6e-446a-b7a9-880d3786c51a"",""environment"":""8f157a2b-2cad-4084-8cd4-dc384f810fa5"",""service"":""4e96e4c9-648b-43c2-ad1f-68614ff2a013"",""deployment"":""9eeaf744-7b37-48c5-81f0-5558b6028407"",""replica"":""f9f443f1-eb67-4b1e-9cc3-af5e65fd80c1""}",2026-01-30T11:09:53.625878691Z
               ^^^^^^^^^^^^^^^^^^^^^^^^^^,"{""level"":""error""}","{""project"":""7171eee1-2c6e-446a-b7a9-880d3786c51a"",""environment"":""8f157a2b-2cad-4084-8cd4-dc384f810fa5"",""service"":""4e96e4c9-648b-43c2-ad1f-68614ff2a013"",""deployment"":""9eeaf744-7b37-48c5-81f0-5558b6028407"",""replica"":""f9f443f1-eb67-4b1e-9cc3-af5e65fd80c1""}",2026-01-30T11:09:53.625878711Z
"  File ""/usr/local/lib/python3.11/site-packages/rest_framework/views.py"", line 475, in handle_exception","{""level"":""error""}","{""project"":""7171eee1-2c6e-446a-b7a9-880d3786c51a"",""environment"":""8f157a2b-2cad-4084-8cd4-dc384f810fa5"",""service"":""4e96e4c9-648b-43c2-ad1f-68614ff2a013"",""deployment"":""9eeaf744-7b37-48c5-81f0-5558b6028407"",""replica"":""f9f443f1-eb67-4b1e-9cc3-af5e65fd80c1""}",2026-01-30T11:09:53.625882811Z
               ^^^^^^^^^^^^^^^^^^^^^,"{""level"":""error""}","{""project"":""7171eee1-2c6e-446a-b7a9-880d3786c51a"",""environment"":""8f157a2b-2cad-4084-8cd4-dc384f810fa5"",""service"":""4e96e4c9-648b-43c2-ad1f-68614ff2a013"",""deployment"":""9eeaf744-7b37-48c5-81f0-5558b6028407"",""replica"":""f9f443f1-eb67-4b1e-9cc3-af5e65fd80c1""}",2026-01-30T11:09:53.625883771Z
    self.raise_uncaught_exception(exc),"{""level"":""error""}","{""project"":""7171eee1-2c6e-446a-b7a9-880d3786c51a"",""environment"":""8f157a2b-2cad-4084-8cd4-dc384f810fa5"",""service"":""4e96e4c9-648b-43c2-ad1f-68614ff2a013"",""deployment"":""9eeaf744-7b37-48c5-81f0-5558b6028407"",""replica"":""f9f443f1-eb67-4b1e-9cc3-af5e65fd80c1""}",2026-01-30T11:09:53.625885671Z
"  File ""/usr/local/lib/python3.11/site-packages/django/core/handlers/base.py"", line 197, in _get_response","{""level"":""error""}","{""project"":""7171eee1-2c6e-446a-b7a9-880d3786c51a"",""environment"":""8f157a2b-2cad-4084-8cd4-dc384f810fa5"",""service"":""4e96e4c9-648b-43c2-ad1f-68614ff2a013"",""deployment"":""9eeaf744-7b37-48c5-81f0-5558b6028407"",""replica"":""f9f443f1-eb67-4b1e-9cc3-af5e65fd80c1""}",2026-01-30T11:09:53.625888541Z
"    response = wrapped_callback(request, *callback_args, **callback_kwargs)","{""level"":""error""}","{""project"":""7171eee1-2c6e-446a-b7a9-880d3786c51a"",""environment"":""8f157a2b-2cad-4084-8cd4-dc384f810fa5"",""service"":""4e96e4c9-648b-43c2-ad1f-68614ff2a013"",""deployment"":""9eeaf744-7b37-48c5-81f0-5558b6028407"",""replica"":""f9f443f1-eb67-4b1e-9cc3-af5e65fd80c1""}",2026-01-30T11:09:53.625893131Z
               ^^^^^^^^^^^^^^^^^^^^^^^^^^^^^^^^^^^^^^^^^^^^^^^^^^^^^^^^^^^^,"{""level"":""error""}","{""project"":""7171eee1-2c6e-446a-b7a9-880d3786c51a"",""environment"":""8f157a2b-2cad-4084-8cd4-dc384f810fa5"",""service"":""4e96e4c9-648b-43c2-ad1f-68614ff2a013"",""deployment"":""9eeaf744-7b37-48c5-81f0-5558b6028407"",""replica"":""f9f443f1-eb67-4b1e-9cc3-af5e65fd80c1""}",2026-01-30T11:09:53.625897031Z
"  File ""/usr/local/lib/python3.11/site-packages/django/views/decorators/csrf.py"", line 65, in _view_wrapper","{""level"":""error""}","{""project"":""7171eee1-2c6e-446a-b7a9-880d3786c51a"",""environment"":""8f157a2b-2cad-4084-8cd4-dc384f810fa5"",""service"":""4e96e4c9-648b-43c2-ad1f-68614ff2a013"",""deployment"":""9eeaf744-7b37-48c5-81f0-5558b6028407"",""replica"":""f9f443f1-eb67-4b1e-9cc3-af5e65fd80c1""}",2026-01-30T11:09:53.625900761Z
"    return view_func(request, *args, **kwargs)","{""level"":""error""}","{""project"":""7171eee1-2c6e-446a-b7a9-880d3786c51a"",""environment"":""8f157a2b-2cad-4084-8cd4-dc384f810fa5"",""service"":""4e96e4c9-648b-43c2-ad1f-68614ff2a013"",""deployment"":""9eeaf744-7b37-48c5-81f0-5558b6028407"",""replica"":""f9f443f1-eb67-4b1e-9cc3-af5e65fd80c1""}",2026-01-30T11:09:53.625904881Z
"  File ""/usr/local/lib/python3.11/site-packages/rest_framework/views.py"", line 486, in raise_uncaught_exception","{""level"":""error""}","{""project"":""7171eee1-2c6e-446a-b7a9-880d3786c51a"",""environment"":""8f157a2b-2cad-4084-8cd4-dc384f810fa5"",""service"":""4e96e4c9-648b-43c2-ad1f-68614ff2a013"",""deployment"":""9eeaf744-7b37-48c5-81f0-5558b6028407"",""replica"":""f9f443f1-eb67-4b1e-9cc3-af5e65fd80c1""}",2026-01-30T11:09:53.626277648Z
    raise exc,"{""level"":""error""}","{""project"":""7171eee1-2c6e-446a-b7a9-880d3786c51a"",""environment"":""8f157a2b-2cad-4084-8cd4-dc384f810fa5"",""service"":""4e96e4c9-648b-43c2-ad1f-68614ff2a013"",""deployment"":""9eeaf744-7b37-48c5-81f0-5558b6028407"",""replica"":""f9f443f1-eb67-4b1e-9cc3-af5e65fd80c1""}",2026-01-30T11:09:53.626283388Z
"  File ""/usr/local/lib/python3.11/site-packages/rest_framework/views.py"", line 512, in dispatch","{""level"":""error""}","{""project"":""7171eee1-2c6e-446a-b7a9-880d3786c51a"",""environment"":""8f157a2b-2cad-4084-8cd4-dc384f810fa5"",""service"":""4e96e4c9-648b-43c2-ad1f-68614ff2a013"",""deployment"":""9eeaf744-7b37-48c5-81f0-5558b6028407"",""replica"":""f9f443f1-eb67-4b1e-9cc3-af5e65fd80c1""}",2026-01-30T11:09:53.626286448Z
"    response = handler(request, *args, **kwargs)","{""level"":""error""}","{""project"":""7171eee1-2c6e-446a-b7a9-880d3786c51a"",""environment"":""8f157a2b-2cad-4084-8cd4-dc384f810fa5"",""service"":""4e96e4c9-648b-43c2-ad1f-68614ff2a013"",""deployment"":""9eeaf744-7b37-48c5-81f0-5558b6028407"",""replica"":""f9f443f1-eb67-4b1e-9cc3-af5e65fd80c1""}",2026-01-30T11:09:53.626289598Z
               ^^^^^^^^^^^^^^^^^^^^^^^^^^^^^^^^^,"{""level"":""error""}","{""project"":""7171eee1-2c6e-446a-b7a9-880d3786c51a"",""environment"":""8f157a2b-2cad-4084-8cd4-dc384f810fa5"",""service"":""4e96e4c9-648b-43c2-ad1f-68614ff2a013"",""deployment"":""9eeaf744-7b37-48c5-81f0-5558b6028407"",""replica"":""f9f443f1-eb67-4b1e-9cc3-af5e65fd80c1""}",2026-01-30T11:09:53.626292818Z
"  File ""/app/crm_app/views.py"", line 153, in post","{""level"":""error""}","{""project"":""7171eee1-2c6e-446a-b7a9-880d3786c51a"",""environment"":""8f157a2b-2cad-4084-8cd4-dc384f810fa5"",""service"":""4e96e4c9-648b-43c2-ad1f-68614ff2a013"",""deployment"":""9eeaf744-7b37-48c5-81f0-5558b6028407"",""replica"":""f9f443f1-eb67-4b1e-9cc3-af5e65fd80c1""}",2026-01-30T11:09:53.626295587Z
    from crm_app.whatsapp_webhook_handler import processar_webhook_whatsapp,"{""level"":""error""}","{""project"":""7171eee1-2c6e-446a-b7a9-880d3786c51a"",""environment"":""8f157a2b-2cad-4084-8cd4-dc384f810fa5"",""service"":""4e96e4c9-648b-43c2-ad1f-68614ff2a013"",""deployment"":""9eeaf744-7b37-48c5-81f0-5558b6028407"",""replica"":""f9f443f1-eb67-4b1e-9cc3-af5e65fd80c1""}",2026-01-30T11:09:53.626298527Z
"  File ""/app/crm_app/whatsapp_webhook_handler.py"", line 1258","{""level"":""error""}","{""project"":""7171eee1-2c6e-446a-b7a9-880d3786c51a"",""environment"":""8f157a2b-2cad-4084-8cd4-dc384f810fa5"",""service"":""4e96e4c9-648b-43c2-ad1f-68614ff2a013"",""deployment"":""9eeaf744-7b37-48c5-81f0-5558b6028407"",""replica"":""f9f443f1-eb67-4b1e-9cc3-af5e65fd80c1""}",2026-01-30T11:09:53.626301217Z
    elif etapa_atual == 'material_buscar':,"{""level"":""error""}","{""project"":""7171eee1-2c6e-446a-b7a9-880d3786c51a"",""environment"":""8f157a2b-2cad-4084-8cd4-dc384f810fa5"",""service"":""4e96e4c9-648b-43c2-ad1f-68614ff2a013"",""deployment"":""9eeaf744-7b37-48c5-81f0-5558b6028407"",""replica"":""f9f443f1-eb67-4b1e-9cc3-af5e65fd80c1""}",2026-01-30T11:09:53.626303937Z
    ^^^^,"{""level"":""error""}","{""project"":""7171eee1-2c6e-446a-b7a9-880d3786c51a"",""environment"":""8f157a2b-2cad-4084-8cd4-dc384f810fa5"",""service"":""4e96e4c9-648b-43c2-ad1f-68614ff2a013"",""deployment"":""9eeaf744-7b37-48c5-81f0-5558b6028407"",""replica"":""f9f443f1-eb67-4b1e-9cc3-af5e65fd80c1""}",2026-01-30T11:09:53.626306807Z
SyntaxError: invalid syntax,"{""level"":""error""}","{""project"":""7171eee1-2c6e-446a-b7a9-880d3786c51a"",""environment"":""8f157a2b-2cad-4084-8cd4-dc384f810fa5"",""service"":""4e96e4c9-648b-43c2-ad1f-68614ff2a013"",""deployment"":""9eeaf744-7b37-48c5-81f0-5558b6028407"",""replica"":""f9f443f1-eb67-4b1e-9cc3-af5e65fd80c1""}",2026-01-30T11:09:53.626309337Z